metric,0-499,2000-2499,5000-5499,10000-10499,17000-17499
Train/mean_reward,64.82359380479566,69.97692923736572,74.23064121246338,74.6503966369629,77.08592784118652
Train/mean_episode_length,1072.7771760256353,1207.7402380371093,1218.9212205810547,1216.437739501953,1225.4978576660155
Policy/mean_noise_std,0.5756613122224807,5.66053689956665,62.87447522735596,328.2020951538086,1018.3594495849609
Loss/entropy,23.49547253036499,56.31375958251953,87.01068283081055,111.0211001739502,127.84941120910645
Loss/learning_rate,0.0005334507232328178,0.00010888312692623003,4.223312493195408e-05,2.1073749729112024e-05,1.3419999759207712e-05
Metrics/painting_command/position_error,2.0255501021941504,2.5077585597038268,2.3286423797607423,2.257603961467743,2.2699523849487306
Metrics/painting_command/position_p95,3.7456885797671045,4.551061299800873,4.216532134340856,4.122543251037597,4.166666004180908
Metrics/painting_command/axis_error,0.1214709871010967,0.06918295647203922,0.0630183745995164,0.0625347876995802,0.05812034794688225
Metrics/painting_command/velocity_error,1.2353339945695487,1.2954579739570617,1.121159176826477,1.099818158864975,1.0278053702116012
Metrics/painting_command/endpoint_error,4.48189668770296,4.903288857460022,4.488718248844147,4.3742401332855225,4.397570027828216
Metrics/painting_command/success,0.0,0.0,0.0,0.0,0.0
Metrics/painting_command/bad_orientation,0.20797080279563565,0.08268998505175114,0.05460391733236611,0.05066116625443101,0.033651484977453947
Metrics/painting_command/completion,0.8597699078884589,0.9693332116603851,0.975349374294281,0.9740494734048843,0.9809144378900528
Episode_Reward/tcp_position,0.042831829899922014,0.07808054780960083,0.08221602304279804,0.07921465525031089,0.08013541752099991
Episode_Reward/tcp_velocity,3.036358834742714e-05,2.572670899462537e-05,3.027922032379138e-05,2.6067438693644362e-05,3.393323835916817e-05
Episode_Reward/spray_axis,1.274301791612059,1.4770707237720488,1.506934327840805,1.5064920749664306,1.5319150907993317
Episode_Reward/facing_wall,0.6767288391496986,0.7621382302045823,0.7644667094945907,0.7675950325727463,0.7735899114608764
Episode_Reward/left_arm_down,0.6340034172069281,0.6606864805221557,0.6731978659629821,0.6731076530218124,0.6866469510793686
Episode_Reward/body_stability,0.03682321804924868,0.004244257204933092,0.0005217584120109678,0.00036868699971819295,0.00040701237967005
Episode_Reward/action_rate,-0.17697274423157797,-0.2680163820683956,-0.22147584062814712,-0.2194243133664131,-0.20123721447587012
Episode_Reward/joint_limits,-0.0026679300048563165,-0.07146427835524082,-0.08634995394945144,-0.08941595473885536,-0.08989742076396942
